LSOA21CD,wellbeing_score
E01000001,5.8
E01000002,5.1
E01000003,7.1
E01000005,4.8
E01000006,6.6
E01000007,6.0
E01000008,4.7
E01000009,6.5
E01000011,4.6
E01000012,6.2
E01000013,4.8
E01000014,4.9
E01000015,6.2
E01000016,7.8
E01000017,5.0
E01000018,5.4
E01000019,7.0
E01000020,8.3
E01000021,6.8
E01000022,6.1
E01000024,8.4
E01000025,4.7
E01000027,7.9
E01000028,5.7
E01000029,5.1
E01000030,5.0
E01000031,5.7
E01000032,7.8
E01000033,5.2
E01000034,6.8
E01000035,7.1
E01000036,6.0
E01000037,6.7
E01000038,4.8
E01000039,4.7
E01000040,5.3
E01000041,7.2
E01000042,6.2
E01000043,5.8
E01000044,6.8
E01000045,6.3
E01000046,5.7
E01000049,7.7
E01000050,7.3
E01000051,5.5
E01000052,6.8
E01000053,6.6
E01000054,8.0
E01000055,7.4
E01000056,5.7
E01000057,8.4
E01000058,5.0
E01000059,6.2
E01000060,7.5
E01000061,5.1
E01000062,6.5
E01000063,4.7
E01000064,7.2
E01000065,7.6
E01000066,6.8
E01000067,8.0
E01000068,5.8
E01000069,7.3
E01000070,6.9
E01000071,6.8
E01000072,6.3
E01000073,7.9
E01000074,8.3
E01000075,6.4
E01000076,7.2
E01000077,4.7
E01000078,7.3
E01000079,7.1
E01000080,8.5
E01000081,7.8
E01000082,5.6
E01000083,6.0
E01000084,7.2
E01000085,4.6
E01000086,6.3
E01000087,5.2
E01000088,5.0
E01000089,4.7
E01000090,7.6
E01000091,5.0
E01000093,5.5
E01000094,6.1
E01000095,8.0
E01000096,4.8
E01000097,6.3
E01000098,6.7
E01000099,8.0
E01000100,7.8
E01000101,8.0
E01000102,5.6
E01000103,6.2
E01000104,5.9
E01000105,8.0
E01000106,8.3
E01000107,5.1
E01000108,5.2
E01000110,5.4
E01000111,5.4
E01000112,6.4
E01000113,6.9
E01000114,5.6
E01000115,4.5
E01000116,6.2
E01000117,6.0
E01000118,6.8
E01000119,8.3
E01000120,7.3
E01000121,6.6
E01000122,7.0
E01000123,7.2
E01000124,4.7
E01000126,8.1
E01000127,7.6
E01000128,8.0
E01000129,7.7
E01000130,6.1
E01000131,6.1
E01000132,4.9
E01000133,7.0
E01000134,4.7
E01000135,4.8
E01000136,5.3
E01000137,5.1
E01000138,5.9
E01000139,4.7
E01000140,4.5
E01000141,5.1
E01000142,4.9
E01000143,6.0
E01000144,4.6
E01000145,8.0
E01000146,7.0
E01000147,5.1
E01000150,5.5
E01000151,5.9
E01000152,6.0
E01000153,5.0
E01000154,7.9
E01000156,8.5
E01000157,6.4
E01000158,6.4
E01000159,4.8
E01000160,4.9
E01000161,5.9
E01000162,5.6
E01000163,7.8
E01000164,5.1
E01000165,4.6
E01000166,8.3
E01000167,6.6
E01000168,5.1
E01000169,6.7
E01000170,4.6
E01000171,6.6
E01000172,8.4
E01000173,8.0
E01000174,7.3
E01000175,5.5
E01000176,6.0
E01000177,5.2
E01000178,7.6
E01000179,6.6
E01000180,7.6
E01000181,5.8
E01000182,5.4
E01000183,7.7
E01000184,8.4
E01000185,7.9
E01000186,7.7
E01000187,7.8
E01000188,7.5
E01000189,5.4
E01000190,6.6
E01000191,5.9
E01000192,4.6
E01000193,4.6
E01000194,5.6
E01000195,5.5
E01000196,7.3
E01000197,8.3
E01000198,6.3
E01000199,8.2
E01000200,8.5
E01000201,8.3
E01000202,6.0
E01000203,5.4
E01000204,5.4
E01000205,5.3
E01000206,5.3
E01000207,7.0
E01000208,8.1
E01000209,7.9
E01000210,6.4
E01000211,7.1
E01000212,7.7
E01000213,4.8
E01000214,7.1
E01000215,8.1
E01000216,7.6
E01000217,7.5
E01000218,6.4
E01000219,5.2
E01000220,7.7
E01000221,5.8
E01000222,7.7
E01000223,8.4
E01000224,6.1
E01000225,6.1
E01000226,8.3
E01000227,7.4
E01000228,5.2
E01000229,5.0
E01000230,5.1
E01000231,8.1
E01000232,7.7
E01000233,5.1
E01000234,7.8
E01000235,8.4
E01000236,7.1
E01000237,5.9
E01000238,6.7
E01000239,5.0
E01000240,4.6
E01000241,8.4
E01000242,7.1
E01000243,6.6
E01000244,8.2
E01000245,6.2
E01000246,8.0
E01000247,7.8
E01000248,5.3
E01000249,5.5
E01000250,5.7
E01000251,5.5
E01000252,6.8
E01000253,5.5
E01000254,6.2
E01000255,5.0
E01000256,8.1
E01000257,5.9
E01000258,6.3
E01000259,6.8
E01000260,8.1
E01000261,6.2
E01000263,8.2
E01000264,6.5
E01000265,6.6
E01000266,6.6
E01000267,4.6
E01000268,6.3
E01000269,5.2
E01000270,4.5
E01000271,7.7
E01000272,5.2
E01000273,6.4
E01000274,7.4
E01000275,6.7
E01000276,5.8
E01000277,6.6
E01000278,6.7
E01000279,7.6
E01000280,4.9
E01000281,6.7
E01000282,5.5
E01000283,5.6
E01000284,7.6
E01000285,6.5
E01000286,6.7
E01000287,7.5
E01000288,8.1
E01000289,6.3
E01000290,7.0
E01000291,6.5
E01000292,6.5
E01000293,7.3
E01000294,6.3
E01000295,6.6
E01000296,6.4
E01000297,8.3
E01000298,7.3
E01000299,8.0
E01000300,8.3
E01000301,5.5
E01000302,6.7
E01000303,8.3
E01000304,7.9
E01000305,5.0
E01000306,5.0
E01000307,6.3
E01000308,4.8
E01000309,5.5
E01000310,4.8
E01000311,7.2
E01000312,7.6
E01000313,8.1
E01000314,5.1
E01000315,7.4
E01000316,7.1
E01000317,5.1
E01000318,8.0
E01000319,8.4
E01000320,5.4
E01000321,8.3
E01000322,6.1
E01000323,6.4
E01000324,8.5
E01000325,7.8
E01000326,5.1
E01000327,6.2
E01000328,6.6
E01000329,5.9
E01000330,5.3
E01000331,5.8
E01000332,7.4
E01000333,4.6
E01000334,6.7
E01000335,6.3
E01000336,4.6
E01000337,5.8
E01000338,7.0
E01000339,6.5
E01000340,4.8
E01000341,8.4
E01000342,7.7
E01000343,8.4
E01000344,4.9
E01000345,5.6
E01000346,4.7
E01000347,7.6
E01000348,5.6
E01000349,5.0
E01000350,6.2
E01000351,8.1
E01000352,7.8
E01000353,5.5
E01000354,5.1
E01000355,8.2
E01000356,6.8
E01000357,7.3
E01000358,4.9
E01000359,4.7
E01000360,7.3
E01000361,6.2
E01000362,4.8
E01000363,8.3
E01000364,7.0
E01000365,7.7
E01000366,4.8
E01000367,7.9
E01000368,4.8
E01000369,8.0
E01000370,6.3
E01000371,5.9
E01000372,6.7
E01000373,8.2
E01000374,5.6
E01000375,5.0
E01000376,6.6
E01000377,5.5
E01000379,4.9
E01000380,5.1
E01000381,4.7
E01000382,5.3
E01000383,5.7
E01000384,5.7
E01000385,7.5
E01000386,5.7
E01000387,6.5
E01000388,5.2
E01000389,5.9
E01000390,4.6
E01000391,5.5
E01000392,4.6
E01000393,7.4
E01000394,6.7
E01000395,5.3
E01000396,6.4
E01000398,8.2
E01000399,4.9
E01000400,7.8
E01000401,6.2
E01000402,6.5
E01000403,7.8
E01000404,6.1
E01000405,6.5
E01000406,7.3
E01000407,8.4
E01000408,5.9
E01000409,7.8
E01000410,7.3
E01000411,7.0
E01000412,6.1
E01000413,5.9
E01000414,4.7
E01000415,5.0
